product_id,category_fr,category_en,type_fr,type_en,product_fr,product_en,scientific_name,fishing_area_fr,fishing_area_en,milk_type_fr,milk_type_en,origin_country,month_count,recommended_months_fr,recommended_months_en,recommended_seasons_fr,recommended_seasons_en,jan,feb,mar,apr,may,jun,jul,aug,sep,oct,nov,dec,summary_fr,summary_en,source
METRO-SAISON-001,Fruits & légumes,Fruits & vegetables,Fruit,Fruit,Abricot,Apricot,,,,,,,2,juin et juillet,June and July,été,summer,0,0,0,0,0,1,1,0,0,0,0,0,"Dans le calendrier des produits de saison METRO (L'Agenda des Chefs), le produit « Abricot » (fruits & légumes) est recommandé en : juin et juillet.","In the METRO seasonal products calendar (L'Agenda des Chefs), Apricot (fruits & vegetables) is recommended in: June and July.",METRO France – L'Agenda des Chefs (calendrier des produits de saison)
METRO-SAISON-002,Fruits & légumes,Fruits & vegetables,Légume,Vegetable,Artichaut poivrade,Poivrade artichoke,,,,,,,1,avril,April,printemps,spring,0,0,0,1,0,0,0,0,0,0,0,0,"Dans le calendrier des produits de saison METRO (L'Agenda des Chefs), le produit « Artichaut poivrade » (fruits & légumes) est recommandé en : avril.","In the METRO seasonal products calendar (L'Agenda des Chefs), Poivrade artichoke (fruits & vegetables) is recommended in: April.",METRO France – L'Agenda des Chefs (calendrier des produits de saison)
METRO-SAISON-003,Fruits & légumes,Fruits & vegetables,Légume,Vegetable,Artichaut violet,Purple artichoke,,,,,,,1,mai,May,printemps,spring,0,0,0,0,1,0,0,0,0,0,0,0,"Dans le calendrier des produits de saison METRO (L'Agenda des Chefs), le produit « Artichaut violet » (fruits & légumes) est recommandé en : mai.","In the METRO seasonal products calendar (L'Agenda des Chefs), Purple artichoke (fruits & vegetables) is recommended in: May.",METRO France – L'Agenda des Chefs (calendrier des produits de saison)
METRO-SAISON-004,Fruits & légumes,Fruits & vegetables,Légume,Vegetable,Asperge verte,Green asparagus,,,,,,,2,avril et mai,April and May,printemps,spring,0,0,0,1,1,0,0,0,0,0,0,0,"Dans le calendrier des produits de saison METRO (L'Agenda des Chefs), le produit « Asperge verte » (fruits & légumes) est recommandé en : avril et mai.","In the METRO seasonal products calendar (L'Agenda des Chefs), Green asparagus (fruits & vegetables) is recommended in: April and May.",METRO France – L'Agenda des Chefs (calendrier des produits de saison)
METRO-SAISON-005,Fruits & légumes,Fruits & vegetables,Légume,Vegetable,Aubergine,Aubergine (eggplant),,,,,,,1,juin,June,été,summer,0,0,0,0,0,1,0,0,0,0,0,0,"Dans le calendrier des produits de saison METRO (L'Agenda des Chefs), le produit « Aubergine » (fruits & légumes) est recommandé en : juin.","In the METRO seasonal products calendar (L'Agenda des Chefs), Aubergine (eggplant) (fruits & vegetables) is recommended in: June.",METRO France – L'Agenda des Chefs (calendrier des produits de saison)
METRO-SAISON-006,Fruits & légumes,Fruits & vegetables,Légume,Vegetable,Aubergine graffiti,Graffiti aubergine,,,,,,,2,juillet et août,July and August,été,summer,0,0,0,0,0,0,1,1,0,0,0,0,"Dans le calendrier des produits de saison METRO (L'Agenda des Chefs), le produit « Aubergine graffiti » (fruits & légumes) est recommandé en : juillet et août.","In the METRO seasonal products calendar (L'Agenda des Chefs), Graffiti aubergine (fruits & vegetables) is recommended in: July and August.",METRO France – L'Agenda des Chefs (calendrier des produits de saison)
METRO-SAISON-007,Fruits & légumes,Fruits & vegetables,Fruit,Fruit,Bergamote,Bergamot orange,,,,,,,1,janvier,January,hiver,winter,1,0,0,0,0,0,0,0,0,0,0,0,"Dans le calendrier des produits de saison METRO (L'Agenda des Chefs), le produit « Bergamote » (fruits & légumes) est recommandé en : janvier.","In the METRO seasonal products calendar (L'Agenda des Chefs), Bergamot orange (fruits & vegetables) is recommended in: January.",METRO France – L'Agenda des Chefs (calendrier des produits de saison)
METRO-SAISON-008,Fruits & légumes,Fruits & vegetables,Légume,Vegetable,Betterave Chioggia,Chioggia beetroot,,,,,,,1,février,February,hiver,winter,0,1,0,0,0,0,0,0,0,0,0,0,"Dans le calendrier des produits de saison METRO (L'Agenda des Chefs), le produit « Betterave Chioggia » (fruits & légumes) est recommandé en : février.","In the METRO seasonal products calendar (L'Agenda des Chefs), Chioggia beetroot (fruits & vegetables) is recommended in: February.",METRO France – L'Agenda des Chefs (calendrier des produits de saison)
METRO-SAISON-009,Fruits & légumes,Fruits & vegetables,Légume,Vegetable,Blette,Swiss chard,,,,,,,1,avril,April,printemps,spring,0,0,0,1,0,0,0,0,0,0,0,0,"Dans le calendrier des produits de saison METRO (L'Agenda des Chefs), le produit « Blette » (fruits & légumes) est recommandé en : avril.","In the METRO seasonal products calendar (L'Agenda des Chefs), Swiss chard (fruits & vegetables) is recommended in: April.",METRO France – L'Agenda des Chefs (calendrier des produits de saison)
METRO-SAISON-010,Fruits & légumes,Fruits & vegetables,Légume,Vegetable,Brocoli,Broccoli,,,,,,,1,septembre,September,automne,autumn,0,0,0,0,0,0,0,0,1,0,0,0,"Dans le calendrier des produits de saison METRO (L'Agenda des Chefs), le produit « Brocoli » (fruits & légumes) est recommandé en : septembre.","In the METRO seasonal products calendar (L'Agenda des Chefs), Broccoli (fruits & vegetables) is recommended in: September.",METRO France – L'Agenda des Chefs (calendrier des produits de saison)
METRO-SAISON-011,Fruits & légumes,Fruits & vegetables,Légume,Vegetable,Cardon,Cardoon,,,,,,,2,novembre et décembre,November and December,"hiver, automne","winter, autumn",0,0,0,0,0,0,0,0,0,0,1,1,"Dans le calendrier des produits de saison METRO (L'Agenda des Chefs), le produit « Cardon » (fruits & légumes) est recommandé en : novembre et décembre.","In the METRO seasonal products calendar (L'Agenda des Chefs), Cardoon (fruits & vegetables) is recommended in: November and December.",METRO France – L'Agenda des Chefs (calendrier des produits de saison)
METRO-SAISON-012,Fruits & légumes,Fruits & vegetables,Légume,Vegetable,Carotte primeur,New carrot,,,,,,,2,avril et mai,April and May,printemps,spring,0,0,0,1,1,0,0,0,0,0,0,0,"Dans le calendrier des produits de saison METRO (L'Agenda des Chefs), le produit « Carotte primeur » (fruits & légumes) est recommandé en : avril et mai.","In the METRO seasonal products calendar (L'Agenda des Chefs), New carrot (fruits & vegetables) is recommended in: April and May.",METRO France – L'Agenda des Chefs (calendrier des produits de saison)
METRO-SAISON-013,Fruits & légumes,Fruits & vegetables,Légume,Vegetable,Carotte violette,Purple carrot,,,,,,,1,février,February,hiver,winter,0,1,0,0,0,0,0,0,0,0,0,0,"Dans le calendrier des produits de saison METRO (L'Agenda des Chefs), le produit « Carotte violette » (fruits & légumes) est recommandé en : février.","In the METRO seasonal products calendar (L'Agenda des Chefs), Purple carrot (fruits & vegetables) is recommended in: February.",METRO France – L'Agenda des Chefs (calendrier des produits de saison)
METRO-SAISON-014,Fruits & légumes,Fruits & vegetables,Fruit,Fruit,Cassis,Blackcurrant,,,,,,,2,juillet et août,July and August,été,summer,0,0,0,0,0,0,1,1,0,0,0,0,"Dans le calendrier des produits de saison METRO (L'Agenda des Chefs), le produit « Cassis » (fruits & légumes) est recommandé en : juillet et août.","In the METRO seasonal products calendar (L'Agenda des Chefs), Blackcurrant (fruits & vegetables) is recommended in: July and August.",METRO France – L'Agenda des Chefs (calendrier des produits de saison)
METRO-SAISON-015,Fruits & légumes,Fruits & vegetables,Fruit,Fruit,Cerise,Cherry,,,,,,,1,juin,June,été,summer,0,0,0,0,0,1,0,0,0,0,0,0,"Dans le calendrier des produits de saison METRO (L'Agenda des Chefs), le produit « Cerise » (fruits & légumes) est recommandé en : juin.","In the METRO seasonal products calendar (L'Agenda des Chefs), Cherry (fruits & vegetables) is recommended in: June.",METRO France – L'Agenda des Chefs (calendrier des produits de saison)
METRO-SAISON-016,Fruits & légumes,Fruits & vegetables,Champignon,Mushroom / truffle,Champignon cèpe,Porcini mushroom (cep),,,,,,,1,novembre,November,automne,autumn,0,0,0,0,0,0,0,0,0,0,1,0,"Dans le calendrier des produits de saison METRO (L'Agenda des Chefs), le produit « Champignon cèpe » (fruits & légumes) est recommandé en : novembre.","In the METRO seasonal products calendar (L'Agenda des Chefs), Porcini mushroom (cep) (fruits & vegetables) is recommended in: November.",METRO France – L'Agenda des Chefs (calendrier des produits de saison)
METRO-SAISON-017,Fruits & légumes,Fruits & vegetables,Champignon,Mushroom / truffle,Champignon girolle,Chanterelle mushroom,,,,,,,2,septembre et octobre,September and October,automne,autumn,0,0,0,0,0,0,0,0,1,1,0,0,"Dans le calendrier des produits de saison METRO (L'Agenda des Chefs), le produit « Champignon girolle » (fruits & légumes) est recommandé en : septembre et octobre.","In the METRO seasonal products calendar (L'Agenda des Chefs), Chanterelle mushroom (fruits & vegetables) is recommended in: September and October.",METRO France – L'Agenda des Chefs (calendrier des produits de saison)
METRO-SAISON-018,Fruits & légumes,Fruits & vegetables,Légume,Vegetable,Chou de Bruxelles,Brussels sprouts,,,,,,,1,février,February,hiver,winter,0,1,0,0,0,0,0,0,0,0,0,0,"Dans le calendrier des produits de saison METRO (L'Agenda des Chefs), le produit « Chou de Bruxelles » (fruits & légumes) est recommandé en : février.","In the METRO seasonal products calendar (L'Agenda des Chefs), Brussels sprouts (fruits & vegetables) is recommended in: February.",METRO France – L'Agenda des Chefs (calendrier des produits de saison)
METRO-SAISON-019,Fruits & légumes,Fruits & vegetables,Légume,Vegetable,Chou frisé,Savoy cabbage,,,,,,,1,janvier,January,hiver,winter,1,0,0,0,0,0,0,0,0,0,0,0,"Dans le calendrier des produits de saison METRO (L'Agenda des Chefs), le produit « Chou frisé » (fruits & légumes) est recommandé en : janvier.","In the METRO seasonal products calendar (L'Agenda des Chefs), Savoy cabbage (fruits & vegetables) is recommended in: January.",METRO France – L'Agenda des Chefs (calendrier des produits de saison)
METRO-SAISON-020,Fruits & légumes,Fruits & vegetables,Légume,Vegetable,Chou kale,Kale,,,,,,,1,janvier,January,hiver,winter,1,0,0,0,0,0,0,0,0,0,0,0,"Dans le calendrier des produits de saison METRO (L'Agenda des Chefs), le produit « Chou kale » (fruits & légumes) est recommandé en : janvier.","In the METRO seasonal products calendar (L'Agenda des Chefs), Kale (fruits & vegetables) is recommended in: January.",METRO France – L'Agenda des Chefs (calendrier des produits de saison)
METRO-SAISON-021,Fruits & légumes,Fruits & vegetables,Légume,Vegetable,Chou romanesco,Romanesco,,,,,,,1,septembre,September,automne,autumn,0,0,0,0,0,0,0,0,1,0,0,0,"Dans le calendrier des produits de saison METRO (L'Agenda des Chefs), le produit « Chou romanesco » (fruits & légumes) est recommandé en : septembre.","In the METRO seasonal products calendar (L'Agenda des Chefs), Romanesco (fruits & vegetables) is recommended in: September.",METRO France – L'Agenda des Chefs (calendrier des produits de saison)
METRO-SAISON-022,Fruits & légumes,Fruits & vegetables,Légume,Vegetable,Chou rouge,Red cabbage,,,,,,,1,novembre,November,automne,autumn,0,0,0,0,0,0,0,0,0,0,1,0,"Dans le calendrier des produits de saison METRO (L'Agenda des Chefs), le produit « Chou rouge » (fruits & légumes) est recommandé en : novembre.","In the METRO seasonal products calendar (L'Agenda des Chefs), Red cabbage (fruits & vegetables) is recommended in: November.",METRO France – L'Agenda des Chefs (calendrier des produits de saison)
METRO-SAISON-023,Fruits & légumes,Fruits & vegetables,Légume,Vegetable,Chou-fleur,Cauliflower,,,,,,,1,mars,March,printemps,spring,0,0,1,0,0,0,0,0,0,0,0,0,"Dans le calendrier des produits de saison METRO (L'Agenda des Chefs), le produit « Chou-fleur » (fruits & légumes) est recommandé en : mars.","In the METRO seasonal products calendar (L'Agenda des Chefs), Cauliflower (fruits & vegetables) is recommended in: March.",METRO France – L'Agenda des Chefs (calendrier des produits de saison)
METRO-SAISON-024,Fruits & légumes,Fruits & vegetables,Fruit à coque,Nut,Châtaigne,Chestnut,,,,,,,2,octobre et novembre,October and November,automne,autumn,0,0,0,0,0,0,0,0,0,1,1,0,"Dans le calendrier des produits de saison METRO (L'Agenda des Chefs), le produit « Châtaigne » (fruits & légumes) est recommandé en : octobre et novembre.","In the METRO seasonal products calendar (L'Agenda des Chefs), Chestnut (fruits & vegetables) is recommended in: October and November.",METRO France – L'Agenda des Chefs (calendrier des produits de saison)
METRO-SAISON-025,Fruits & légumes,Fruits & vegetables,Fruit,Fruit,Citron,Lemon,,,,,,,1,mars,March,printemps,spring,0,0,1,0,0,0,0,0,0,0,0,0,"Dans le calendrier des produits de saison METRO (L'Agenda des Chefs), le produit « Citron » (fruits & légumes) est recommandé en : mars.","In the METRO seasonal products calendar (L'Agenda des Chefs), Lemon (fruits & vegetables) is recommended in: March.",METRO France – L'Agenda des Chefs (calendrier des produits de saison)
METRO-SAISON-026,Fruits & légumes,Fruits & vegetables,Fruit,Fruit,Clémentine,Clementine,,,,,,,1,novembre,November,automne,autumn,0,0,0,0,0,0,0,0,0,0,1,0,"Dans le calendrier des produits de saison METRO (L'Agenda des Chefs), le produit « Clémentine » (fruits & légumes) est recommandé en : novembre.","In the METRO seasonal products calendar (L'Agenda des Chefs), Clementine (fruits & vegetables) is recommended in: November.",METRO France – L'Agenda des Chefs (calendrier des produits de saison)
METRO-SAISON-027,Fruits & légumes,Fruits & vegetables,Légume,Vegetable,Courge,Squash,,,,,,,2,septembre et décembre,September and December,"hiver, automne","winter, autumn",0,0,0,0,0,0,0,0,1,0,0,1,"Dans le calendrier des produits de saison METRO (L'Agenda des Chefs), le produit « Courge » (fruits & légumes) est recommandé en : septembre et décembre.","In the METRO seasonal products calendar (L'Agenda des Chefs), Squash (fruits & vegetables) is recommended in: September and December.",METRO France – L'Agenda des Chefs (calendrier des produits de saison)
METRO-SAISON-028,Fruits & légumes,Fruits & vegetables,Légume,Vegetable,Courge butternut,Butternut squash,,,,,,,4,septembre à décembre,September to December,"hiver, automne","winter, autumn",0,0,0,0,0,0,0,0,1,1,1,1,"Dans le calendrier des produits de saison METRO (L'Agenda des Chefs), le produit « Courge butternut » (fruits & légumes) est recommandé en : septembre à décembre.","In the METRO seasonal products calendar (L'Agenda des Chefs), Butternut squash (fruits & vegetables) is recommended in: September to December.",METRO France – L'Agenda des Chefs (calendrier des produits de saison)
METRO-SAISON-029,Fruits & légumes,Fruits & vegetables,Légume,Vegetable,Courgette fleur,Courgette flower,,,,,,,2,mai et juin,May and June,"printemps, été","spring, summer",0,0,0,0,1,1,0,0,0,0,0,0,"Dans le calendrier des produits de saison METRO (L'Agenda des Chefs), le produit « Courgette fleur » (fruits & légumes) est recommandé en : mai et juin.","In the METRO seasonal products calendar (L'Agenda des Chefs), Courgette flower (fruits & vegetables) is recommended in: May and June.",METRO France – L'Agenda des Chefs (calendrier des produits de saison)
METRO-SAISON-030,Fruits & légumes,Fruits & vegetables,Légume,Vegetable,Courgette longue,Long courgette (zucchini),,,,,,,1,juillet,July,été,summer,0,0,0,0,0,0,1,0,0,0,0,0,"Dans le calendrier des produits de saison METRO (L'Agenda des Chefs), le produit « Courgette longue » (fruits & légumes) est recommandé en : juillet.","In the METRO seasonal products calendar (L'Agenda des Chefs), Long courgette (zucchini) (fruits & vegetables) is recommended in: July.",METRO France – L'Agenda des Chefs (calendrier des produits de saison)
METRO-SAISON-031,Fruits & légumes,Fruits & vegetables,Légume,Vegetable,Crosne,Chinese artichoke (crosne),,,,,,,1,janvier,January,hiver,winter,1,0,0,0,0,0,0,0,0,0,0,0,"Dans le calendrier des produits de saison METRO (L'Agenda des Chefs), le produit « Crosne » (fruits & légumes) est recommandé en : janvier.","In the METRO seasonal products calendar (L'Agenda des Chefs), Chinese artichoke (crosne) (fruits & vegetables) is recommended in: January.",METRO France – L'Agenda des Chefs (calendrier des produits de saison)
METRO-SAISON-032,Fruits & légumes,Fruits & vegetables,Légume,Vegetable,Céleri branche,Celery,,,,,,,3,"février, septembre et octobre","February, September and October","hiver, automne","winter, autumn",0,1,0,0,0,0,0,0,1,1,0,0,"Dans le calendrier des produits de saison METRO (L'Agenda des Chefs), le produit « Céleri branche » (fruits & légumes) est recommandé en : février, septembre et octobre.","In the METRO seasonal products calendar (L'Agenda des Chefs), Celery (fruits & vegetables) is recommended in: February, September and October.",METRO France – L'Agenda des Chefs (calendrier des produits de saison)
METRO-SAISON-033,Fruits & légumes,Fruits & vegetables,Légume,Vegetable,Céleri-rave,Celeriac,,,,,,,1,janvier,January,hiver,winter,1,0,0,0,0,0,0,0,0,0,0,0,"Dans le calendrier des produits de saison METRO (L'Agenda des Chefs), le produit « Céleri-rave » (fruits & légumes) est recommandé en : janvier.","In the METRO seasonal products calendar (L'Agenda des Chefs), Celeriac (fruits & vegetables) is recommended in: January.",METRO France – L'Agenda des Chefs (calendrier des produits de saison)
METRO-SAISON-034,Fruits & légumes,Fruits & vegetables,Légume,Vegetable,Endive,Belgian endive,,,,,,,2,mars et avril,March and April,printemps,spring,0,0,1,1,0,0,0,0,0,0,0,0,"Dans le calendrier des produits de saison METRO (L'Agenda des Chefs), le produit « Endive » (fruits & légumes) est recommandé en : mars et avril.","In the METRO seasonal products calendar (L'Agenda des Chefs), Belgian endive (fruits & vegetables) is recommended in: March and April.",METRO France – L'Agenda des Chefs (calendrier des produits de saison)
METRO-SAISON-035,Fruits & légumes,Fruits & vegetables,Légume,Vegetable,Endive rouge,Red endive,,,,,,,1,janvier,January,hiver,winter,1,0,0,0,0,0,0,0,0,0,0,0,"Dans le calendrier des produits de saison METRO (L'Agenda des Chefs), le produit « Endive rouge » (fruits & légumes) est recommandé en : janvier.","In the METRO seasonal products calendar (L'Agenda des Chefs), Red endive (fruits & vegetables) is recommended in: January.",METRO France – L'Agenda des Chefs (calendrier des produits de saison)
METRO-SAISON-036,Fruits & légumes,Fruits & vegetables,Légume,Vegetable,Fenouil,Fennel,,,,,,,1,juin,June,été,summer,0,0,0,0,0,1,0,0,0,0,0,0,"Dans le calendrier des produits de saison METRO (L'Agenda des Chefs), le produit « Fenouil » (fruits & légumes) est recommandé en : juin.","In the METRO seasonal products calendar (L'Agenda des Chefs), Fennel (fruits & vegetables) is recommended in: June.",METRO France – L'Agenda des Chefs (calendrier des produits de saison)
METRO-SAISON-037,Fruits & légumes,Fruits & vegetables,Fruit,Fruit,Figue,Fig,,,,,,,2,juillet et août,July and August,été,summer,0,0,0,0,0,0,1,1,0,0,0,0,"Dans le calendrier des produits de saison METRO (L'Agenda des Chefs), le produit « Figue » (fruits & légumes) est recommandé en : juillet et août.","In the METRO seasonal products calendar (L'Agenda des Chefs), Fig (fruits & vegetables) is recommended in: July and August.",METRO France – L'Agenda des Chefs (calendrier des produits de saison)
METRO-SAISON-038,Fruits & légumes,Fruits & vegetables,Fruit,Fruit,Fraise Demoiselle,Demoiselle strawberry,,,,,,,2,avril et mai,April and May,printemps,spring,0,0,0,1,1,0,0,0,0,0,0,0,"Dans le calendrier des produits de saison METRO (L'Agenda des Chefs), le produit « Fraise Demoiselle » (fruits & légumes) est recommandé en : avril et mai.","In the METRO seasonal products calendar (L'Agenda des Chefs), Demoiselle strawberry (fruits & vegetables) is recommended in: April and May.",METRO France – L'Agenda des Chefs (calendrier des produits de saison)
METRO-SAISON-039,Fruits & légumes,Fruits & vegetables,Fruit,Fruit,Fraise Gariguette,Gariguette strawberry,,,,,,,2,avril et mai,April and May,printemps,spring,0,0,0,1,1,0,0,0,0,0,0,0,"Dans le calendrier des produits de saison METRO (L'Agenda des Chefs), le produit « Fraise Gariguette » (fruits & légumes) est recommandé en : avril et mai.","In the METRO seasonal products calendar (L'Agenda des Chefs), Gariguette strawberry (fruits & vegetables) is recommended in: April and May.",METRO France – L'Agenda des Chefs (calendrier des produits de saison)
METRO-SAISON-040,Fruits & légumes,Fruits & vegetables,Fruit,Fruit,Framboise,Raspberry,,,,,,,3,juin à août,June to August,été,summer,0,0,0,0,0,1,1,1,0,0,0,0,"Dans le calendrier des produits de saison METRO (L'Agenda des Chefs), le produit « Framboise » (fruits & légumes) est recommandé en : juin à août.","In the METRO seasonal products calendar (L'Agenda des Chefs), Raspberry (fruits & vegetables) is recommended in: June to August.",METRO France – L'Agenda des Chefs (calendrier des produits de saison)
METRO-SAISON-041,Fruits & légumes,Fruits & vegetables,Légume,Vegetable,Fève,Broad bean (fava bean),,,,,,,2,avril et juin,April and June,"printemps, été","spring, summer",0,0,0,1,0,1,0,0,0,0,0,0,"Dans le calendrier des produits de saison METRO (L'Agenda des Chefs), le produit « Fève » (fruits & légumes) est recommandé en : avril et juin.","In the METRO seasonal products calendar (L'Agenda des Chefs), Broad bean (fava bean) (fruits & vegetables) is recommended in: April and June.",METRO France – L'Agenda des Chefs (calendrier des produits de saison)
METRO-SAISON-042,Fruits & légumes,Fruits & vegetables,Légume,Vegetable,Haricot vert fin,Fine green bean,,,,,,,2,juillet et août,July and August,été,summer,0,0,0,0,0,0,1,1,0,0,0,0,"Dans le calendrier des produits de saison METRO (L'Agenda des Chefs), le produit « Haricot vert fin » (fruits & légumes) est recommandé en : juillet et août.","In the METRO seasonal products calendar (L'Agenda des Chefs), Fine green bean (fruits & vegetables) is recommended in: July and August.",METRO France – L'Agenda des Chefs (calendrier des produits de saison)
METRO-SAISON-043,Fruits & légumes,Fruits & vegetables,Fruit,Fruit,Kiwi,Kiwi,,,,,,,1,mars,March,printemps,spring,0,0,1,0,0,0,0,0,0,0,0,0,"Dans le calendrier des produits de saison METRO (L'Agenda des Chefs), le produit « Kiwi » (fruits & légumes) est recommandé en : mars.","In the METRO seasonal products calendar (L'Agenda des Chefs), Kiwi (fruits & vegetables) is recommended in: March.",METRO France – L'Agenda des Chefs (calendrier des produits de saison)
METRO-SAISON-044,Fruits & légumes,Fruits & vegetables,Fruit,Fruit,Kumquat,Kumquat,,,,,,,1,janvier,January,hiver,winter,1,0,0,0,0,0,0,0,0,0,0,0,"Dans le calendrier des produits de saison METRO (L'Agenda des Chefs), le produit « Kumquat » (fruits & légumes) est recommandé en : janvier.","In the METRO seasonal products calendar (L'Agenda des Chefs), Kumquat (fruits & vegetables) is recommended in: January.",METRO France – L'Agenda des Chefs (calendrier des produits de saison)
METRO-SAISON-045,Fruits & légumes,Fruits & vegetables,Fruit,Fruit,Mandarine,Mandarin,,,,,,,2,mars et décembre,March and December,"hiver, printemps","winter, spring",0,0,1,0,0,0,0,0,0,0,0,1,"Dans le calendrier des produits de saison METRO (L'Agenda des Chefs), le produit « Mandarine » (fruits & légumes) est recommandé en : mars et décembre.","In the METRO seasonal products calendar (L'Agenda des Chefs), Mandarin (fruits & vegetables) is recommended in: March and December.",METRO France – L'Agenda des Chefs (calendrier des produits de saison)
METRO-SAISON-046,Fruits & légumes,Fruits & vegetables,Fruit,Fruit,Melon charentais,Charentais melon,,,,,,,2,juillet et août,July and August,été,summer,0,0,0,0,0,0,1,1,0,0,0,0,"Dans le calendrier des produits de saison METRO (L'Agenda des Chefs), le produit « Melon charentais » (fruits & légumes) est recommandé en : juillet et août.","In the METRO seasonal products calendar (L'Agenda des Chefs), Charentais melon (fruits & vegetables) is recommended in: July and August.",METRO France – L'Agenda des Chefs (calendrier des produits de saison)
METRO-SAISON-047,Fruits & légumes,Fruits & vegetables,Fruit,Fruit,Mirabelle,Mirabelle plum,,,,,,,1,août,August,été,summer,0,0,0,0,0,0,0,1,0,0,0,0,"Dans le calendrier des produits de saison METRO (L'Agenda des Chefs), le produit « Mirabelle » (fruits & légumes) est recommandé en : août.","In the METRO seasonal products calendar (L'Agenda des Chefs), Mirabelle plum (fruits & vegetables) is recommended in: August.",METRO France – L'Agenda des Chefs (calendrier des produits de saison)
METRO-SAISON-048,Fruits & légumes,Fruits & vegetables,Légume,Vegetable,Navet nouveau,New turnip,,,,,,,2,avril et mai,April and May,printemps,spring,0,0,0,1,1,0,0,0,0,0,0,0,"Dans le calendrier des produits de saison METRO (L'Agenda des Chefs), le produit « Navet nouveau » (fruits & légumes) est recommandé en : avril et mai.","In the METRO seasonal products calendar (L'Agenda des Chefs), New turnip (fruits & vegetables) is recommended in: April and May.",METRO France – L'Agenda des Chefs (calendrier des produits de saison)
METRO-SAISON-049,Fruits & légumes,Fruits & vegetables,Fruit,Fruit,Nectarine blanche,White nectarine,,,,,,,1,juin,June,été,summer,0,0,0,0,0,1,0,0,0,0,0,0,"Dans le calendrier des produits de saison METRO (L'Agenda des Chefs), le produit « Nectarine blanche » (fruits & légumes) est recommandé en : juin.","In the METRO seasonal products calendar (L'Agenda des Chefs), White nectarine (fruits & vegetables) is recommended in: June.",METRO France – L'Agenda des Chefs (calendrier des produits de saison)
METRO-SAISON-050,Fruits & légumes,Fruits & vegetables,Fruit,Fruit,Nectarine jaune,Yellow nectarine,,,,,,,1,juin,June,été,summer,0,0,0,0,0,1,0,0,0,0,0,0,"Dans le calendrier des produits de saison METRO (L'Agenda des Chefs), le produit « Nectarine jaune » (fruits & légumes) est recommandé en : juin.","In the METRO seasonal products calendar (L'Agenda des Chefs), Yellow nectarine (fruits & vegetables) is recommended in: June.",METRO France – L'Agenda des Chefs (calendrier des produits de saison)
METRO-SAISON-051,Fruits & légumes,Fruits & vegetables,Fruit à coque,Nut,Noix,Walnut,,,,,,,1,octobre,October,automne,autumn,0,0,0,0,0,0,0,0,0,1,0,0,"Dans le calendrier des produits de saison METRO (L'Agenda des Chefs), le produit « Noix » (fruits & légumes) est recommandé en : octobre.","In the METRO seasonal products calendar (L'Agenda des Chefs), Walnut (fruits & vegetables) is recommended in: October.",METRO France – L'Agenda des Chefs (calendrier des produits de saison)
METRO-SAISON-052,Fruits & légumes,Fruits & vegetables,Fruit,Fruit,Pamplemousse,Grapefruit,,,,,,,1,janvier,January,hiver,winter,1,0,0,0,0,0,0,0,0,0,0,0,"Dans le calendrier des produits de saison METRO (L'Agenda des Chefs), le produit « Pamplemousse » (fruits & légumes) est recommandé en : janvier.","In the METRO seasonal products calendar (L'Agenda des Chefs), Grapefruit (fruits & vegetables) is recommended in: January.",METRO France – L'Agenda des Chefs (calendrier des produits de saison)
METRO-SAISON-053,Fruits & légumes,Fruits & vegetables,Légume,Vegetable,Panais,Parsnip,,,,,,,1,janvier,January,hiver,winter,1,0,0,0,0,0,0,0,0,0,0,0,"Dans le calendrier des produits de saison METRO (L'Agenda des Chefs), le produit « Panais » (fruits & légumes) est recommandé en : janvier.","In the METRO seasonal products calendar (L'Agenda des Chefs), Parsnip (fruits & vegetables) is recommended in: January.",METRO France – L'Agenda des Chefs (calendrier des produits de saison)
METRO-SAISON-054,Fruits & légumes,Fruits & vegetables,Fruit,Fruit,Pastèque,Watermelon,,,,,,,1,juillet,July,été,summer,0,0,0,0,0,0,1,0,0,0,0,0,"Dans le calendrier des produits de saison METRO (L'Agenda des Chefs), le produit « Pastèque » (fruits & légumes) est recommandé en : juillet.","In the METRO seasonal products calendar (L'Agenda des Chefs), Watermelon (fruits & vegetables) is recommended in: July.",METRO France – L'Agenda des Chefs (calendrier des produits de saison)
METRO-SAISON-055,Fruits & légumes,Fruits & vegetables,Légume,Vegetable,Petit pois,Garden pea,,,,,,,3,avril à juin,April to June,"printemps, été","spring, summer",0,0,0,1,1,1,0,0,0,0,0,0,"Dans le calendrier des produits de saison METRO (L'Agenda des Chefs), le produit « Petit pois » (fruits & légumes) est recommandé en : avril à juin.","In the METRO seasonal products calendar (L'Agenda des Chefs), Garden pea (fruits & vegetables) is recommended in: April to June.",METRO France – L'Agenda des Chefs (calendrier des produits de saison)
METRO-SAISON-056,Fruits & légumes,Fruits & vegetables,Fruit,Fruit,Poire conférence,Conference pear,,,,,,,2,novembre et décembre,November and December,"hiver, automne","winter, autumn",0,0,0,0,0,0,0,0,0,0,1,1,"Dans le calendrier des produits de saison METRO (L'Agenda des Chefs), le produit « Poire conférence » (fruits & légumes) est recommandé en : novembre et décembre.","In the METRO seasonal products calendar (L'Agenda des Chefs), Conference pear (fruits & vegetables) is recommended in: November and December.",METRO France – L'Agenda des Chefs (calendrier des produits de saison)
METRO-SAISON-057,Fruits & légumes,Fruits & vegetables,Fruit,Fruit,Poire guyot,Guyot pear,,,,,,,1,septembre,September,automne,autumn,0,0,0,0,0,0,0,0,1,0,0,0,"Dans le calendrier des produits de saison METRO (L'Agenda des Chefs), le produit « Poire guyot » (fruits & légumes) est recommandé en : septembre.","In the METRO seasonal products calendar (L'Agenda des Chefs), Guyot pear (fruits & vegetables) is recommended in: September.",METRO France – L'Agenda des Chefs (calendrier des produits de saison)
METRO-SAISON-058,Fruits & légumes,Fruits & vegetables,Fruit,Fruit,Poire rubisgold,Rubisgold pear,,,,,,,1,octobre,October,automne,autumn,0,0,0,0,0,0,0,0,0,1,0,0,"Dans le calendrier des produits de saison METRO (L'Agenda des Chefs), le produit « Poire rubisgold » (fruits & légumes) est recommandé en : octobre.","In the METRO seasonal products calendar (L'Agenda des Chefs), Rubisgold pear (fruits & vegetables) is recommended in: October.",METRO France – L'Agenda des Chefs (calendrier des produits de saison)
METRO-SAISON-059,Fruits & légumes,Fruits & vegetables,Légume,Vegetable,Poivron sweet palermo,Sweet Palermo pepper,,,,,,,1,août,August,été,summer,0,0,0,0,0,0,0,1,0,0,0,0,"Dans le calendrier des produits de saison METRO (L'Agenda des Chefs), le produit « Poivron sweet palermo » (fruits & légumes) est recommandé en : août.","In the METRO seasonal products calendar (L'Agenda des Chefs), Sweet Palermo pepper (fruits & vegetables) is recommended in: August.",METRO France – L'Agenda des Chefs (calendrier des produits de saison)
METRO-SAISON-060,Fruits & légumes,Fruits & vegetables,Fruit,Fruit,Pomelo,Pomelo,,,,,,,1,mars,March,printemps,spring,0,0,1,0,0,0,0,0,0,0,0,0,"Dans le calendrier des produits de saison METRO (L'Agenda des Chefs), le produit « Pomelo » (fruits & légumes) est recommandé en : mars.","In the METRO seasonal products calendar (L'Agenda des Chefs), Pomelo (fruits & vegetables) is recommended in: March.",METRO France – L'Agenda des Chefs (calendrier des produits de saison)
METRO-SAISON-061,Fruits & légumes,Fruits & vegetables,Fruit,Fruit,Pomme gala,Gala apple,,,,,,,1,septembre,September,automne,autumn,0,0,0,0,0,0,0,0,1,0,0,0,"Dans le calendrier des produits de saison METRO (L'Agenda des Chefs), le produit « Pomme gala » (fruits & légumes) est recommandé en : septembre.","In the METRO seasonal products calendar (L'Agenda des Chefs), Gala apple (fruits & vegetables) is recommended in: September.",METRO France – L'Agenda des Chefs (calendrier des produits de saison)
METRO-SAISON-062,Fruits & légumes,Fruits & vegetables,Fruit,Fruit,Pomme pink lady®,Pink Lady® apple,,,,,,,1,février,February,hiver,winter,0,1,0,0,0,0,0,0,0,0,0,0,"Dans le calendrier des produits de saison METRO (L'Agenda des Chefs), le produit « Pomme pink lady® » (fruits & légumes) est recommandé en : février.","In the METRO seasonal products calendar (L'Agenda des Chefs), Pink Lady® apple (fruits & vegetables) is recommended in: February.",METRO France – L'Agenda des Chefs (calendrier des produits de saison)
METRO-SAISON-063,Fruits & légumes,Fruits & vegetables,Fruit,Fruit,Pomme reinette,Reinette apple,,,,,,,1,octobre,October,automne,autumn,0,0,0,0,0,0,0,0,0,1,0,0,"Dans le calendrier des produits de saison METRO (L'Agenda des Chefs), le produit « Pomme reinette » (fruits & légumes) est recommandé en : octobre.","In the METRO seasonal products calendar (L'Agenda des Chefs), Reinette apple (fruits & vegetables) is recommended in: October.",METRO France – L'Agenda des Chefs (calendrier des produits de saison)
METRO-SAISON-064,Fruits & légumes,Fruits & vegetables,Légume,Vegetable,Potimarron,Red kuri squash,,,,,,,2,septembre et octobre,September and October,automne,autumn,0,0,0,0,0,0,0,0,1,1,0,0,"Dans le calendrier des produits de saison METRO (L'Agenda des Chefs), le produit « Potimarron » (fruits & légumes) est recommandé en : septembre et octobre.","In the METRO seasonal products calendar (L'Agenda des Chefs), Red kuri squash (fruits & vegetables) is recommended in: September and October.",METRO France – L'Agenda des Chefs (calendrier des produits de saison)
METRO-SAISON-065,Fruits & légumes,Fruits & vegetables,Légume,Vegetable,Potiron,Pumpkin,,,,,,,1,novembre,November,automne,autumn,0,0,0,0,0,0,0,0,0,0,1,0,"Dans le calendrier des produits de saison METRO (L'Agenda des Chefs), le produit « Potiron » (fruits & légumes) est recommandé en : novembre.","In the METRO seasonal products calendar (L'Agenda des Chefs), Pumpkin (fruits & vegetables) is recommended in: November.",METRO France – L'Agenda des Chefs (calendrier des produits de saison)
METRO-SAISON-066,Fruits & légumes,Fruits & vegetables,Fruit,Fruit,Pêche blanche,White peach,,,,,,,1,juin,June,été,summer,0,0,0,0,0,1,0,0,0,0,0,0,"Dans le calendrier des produits de saison METRO (L'Agenda des Chefs), le produit « Pêche blanche » (fruits & légumes) est recommandé en : juin.","In the METRO seasonal products calendar (L'Agenda des Chefs), White peach (fruits & vegetables) is recommended in: June.",METRO France – L'Agenda des Chefs (calendrier des produits de saison)
METRO-SAISON-067,Fruits & légumes,Fruits & vegetables,Fruit,Fruit,Pêche jaune,Yellow peach,,,,,,,1,juin,June,été,summer,0,0,0,0,0,1,0,0,0,0,0,0,"Dans le calendrier des produits de saison METRO (L'Agenda des Chefs), le produit « Pêche jaune » (fruits & légumes) est recommandé en : juin.","In the METRO seasonal products calendar (L'Agenda des Chefs), Yellow peach (fruits & vegetables) is recommended in: June.",METRO France – L'Agenda des Chefs (calendrier des produits de saison)
METRO-SAISON-068,Fruits & légumes,Fruits & vegetables,Fruit,Fruit,Pêche sanguine,Blood peach,,,,,,,1,août,August,été,summer,0,0,0,0,0,0,0,1,0,0,0,0,"Dans le calendrier des produits de saison METRO (L'Agenda des Chefs), le produit « Pêche sanguine » (fruits & légumes) est recommandé en : août.","In the METRO seasonal products calendar (L'Agenda des Chefs), Blood peach (fruits & vegetables) is recommended in: August.",METRO France – L'Agenda des Chefs (calendrier des produits de saison)
METRO-SAISON-069,Fruits & légumes,Fruits & vegetables,Légume,Vegetable,Radis,Radish,,,,,,,1,mars,March,printemps,spring,0,0,1,0,0,0,0,0,0,0,0,0,"Dans le calendrier des produits de saison METRO (L'Agenda des Chefs), le produit « Radis » (fruits & légumes) est recommandé en : mars.","In the METRO seasonal products calendar (L'Agenda des Chefs), Radish (fruits & vegetables) is recommended in: March.",METRO France – L'Agenda des Chefs (calendrier des produits de saison)
METRO-SAISON-070,Fruits & légumes,Fruits & vegetables,Légume,Vegetable,Radis noir,Black radish,,,,,,,2,février et mars,February and March,"hiver, printemps","winter, spring",0,1,1,0,0,0,0,0,0,0,0,0,"Dans le calendrier des produits de saison METRO (L'Agenda des Chefs), le produit « Radis noir » (fruits & légumes) est recommandé en : février et mars.","In the METRO seasonal products calendar (L'Agenda des Chefs), Black radish (fruits & vegetables) is recommended in: February and March.",METRO France – L'Agenda des Chefs (calendrier des produits de saison)
METRO-SAISON-071,Fruits & légumes,Fruits & vegetables,Légume,Vegetable,Radis rose botte,Bunched pink radish,,,,,,,1,avril,April,printemps,spring,0,0,0,1,0,0,0,0,0,0,0,0,"Dans le calendrier des produits de saison METRO (L'Agenda des Chefs), le produit « Radis rose botte » (fruits & légumes) est recommandé en : avril.","In the METRO seasonal products calendar (L'Agenda des Chefs), Bunched pink radish (fruits & vegetables) is recommended in: April.",METRO France – L'Agenda des Chefs (calendrier des produits de saison)
METRO-SAISON-072,Fruits & légumes,Fruits & vegetables,Fruit,Fruit,Raisin muscat,Muscat grape,,,,,,,1,septembre,September,automne,autumn,0,0,0,0,0,0,0,0,1,0,0,0,"Dans le calendrier des produits de saison METRO (L'Agenda des Chefs), le produit « Raisin muscat » (fruits & légumes) est recommandé en : septembre.","In the METRO seasonal products calendar (L'Agenda des Chefs), Muscat grape (fruits & vegetables) is recommended in: September.",METRO France – L'Agenda des Chefs (calendrier des produits de saison)
METRO-SAISON-073,Fruits & légumes,Fruits & vegetables,Légume,Vegetable,Rhubarbe,Rhubarb,,,,,,,1,mai,May,printemps,spring,0,0,0,0,1,0,0,0,0,0,0,0,"Dans le calendrier des produits de saison METRO (L'Agenda des Chefs), le produit « Rhubarbe » (fruits & légumes) est recommandé en : mai.","In the METRO seasonal products calendar (L'Agenda des Chefs), Rhubarb (fruits & vegetables) is recommended in: May.",METRO France – L'Agenda des Chefs (calendrier des produits de saison)
METRO-SAISON-074,Fruits & légumes,Fruits & vegetables,Légume,Vegetable,Rutabaga,Swede (rutabaga),,,,,,,3,"février, novembre et décembre","February, November and December","hiver, automne","winter, autumn",0,1,0,0,0,0,0,0,0,0,1,1,"Dans le calendrier des produits de saison METRO (L'Agenda des Chefs), le produit « Rutabaga » (fruits & légumes) est recommandé en : février, novembre et décembre.","In the METRO seasonal products calendar (L'Agenda des Chefs), Swede (rutabaga) (fruits & vegetables) is recommended in: February, November and December.",METRO France – L'Agenda des Chefs (calendrier des produits de saison)
METRO-SAISON-075,Fruits & légumes,Fruits & vegetables,Légume,Vegetable,Salade jeunes pousses d'épinard,Baby spinach leaves,,,,,,,1,mars,March,printemps,spring,0,0,1,0,0,0,0,0,0,0,0,0,"Dans le calendrier des produits de saison METRO (L'Agenda des Chefs), le produit « Salade jeunes pousses d'épinard » (fruits & légumes) est recommandé en : mars.","In the METRO seasonal products calendar (L'Agenda des Chefs), Baby spinach leaves (fruits & vegetables) is recommended in: March.",METRO France – L'Agenda des Chefs (calendrier des produits de saison)
METRO-SAISON-076,Fruits & légumes,Fruits & vegetables,Légume,Vegetable,Salade jeunes pousses de roquette,Baby rocket leaves,,,,,,,1,avril,April,printemps,spring,0,0,0,1,0,0,0,0,0,0,0,0,"Dans le calendrier des produits de saison METRO (L'Agenda des Chefs), le produit « Salade jeunes pousses de roquette » (fruits & légumes) est recommandé en : avril.","In the METRO seasonal products calendar (L'Agenda des Chefs), Baby rocket leaves (fruits & vegetables) is recommended in: April.",METRO France – L'Agenda des Chefs (calendrier des produits de saison)
METRO-SAISON-077,Fruits & légumes,Fruits & vegetables,Légume,Vegetable,Salade jeunes pousses exquis,Exquis baby leaf salad,,,,,,,1,juillet,July,été,summer,0,0,0,0,0,0,1,0,0,0,0,0,"Dans le calendrier des produits de saison METRO (L'Agenda des Chefs), le produit « Salade jeunes pousses exquis » (fruits & légumes) est recommandé en : juillet.","In the METRO seasonal products calendar (L'Agenda des Chefs), Exquis baby leaf salad (fruits & vegetables) is recommended in: July.",METRO France – L'Agenda des Chefs (calendrier des produits de saison)
METRO-SAISON-078,Fruits & légumes,Fruits & vegetables,Légume,Vegetable,Salade mélange de jeunes pousses,Baby leaf salad mix,,,,,,,1,juin,June,été,summer,0,0,0,0,0,1,0,0,0,0,0,0,"Dans le calendrier des produits de saison METRO (L'Agenda des Chefs), le produit « Salade mélange de jeunes pousses » (fruits & légumes) est recommandé en : juin.","In the METRO seasonal products calendar (L'Agenda des Chefs), Baby leaf salad mix (fruits & vegetables) is recommended in: June.",METRO France – L'Agenda des Chefs (calendrier des produits de saison)
METRO-SAISON-079,Fruits & légumes,Fruits & vegetables,Légume,Vegetable,Salade mélange multifeuilles,Mixed leaf salad,,,,,,,1,mai,May,printemps,spring,0,0,0,0,1,0,0,0,0,0,0,0,"Dans le calendrier des produits de saison METRO (L'Agenda des Chefs), le produit « Salade mélange multifeuilles » (fruits & légumes) est recommandé en : mai.","In the METRO seasonal products calendar (L'Agenda des Chefs), Mixed leaf salad (fruits & vegetables) is recommended in: May.",METRO France – L'Agenda des Chefs (calendrier des produits de saison)
METRO-SAISON-080,Fruits & légumes,Fruits & vegetables,Légume,Vegetable,Salsifis,Salsify,,,,,,,1,février,February,hiver,winter,0,1,0,0,0,0,0,0,0,0,0,0,"Dans le calendrier des produits de saison METRO (L'Agenda des Chefs), le produit « Salsifis » (fruits & légumes) est recommandé en : février.","In the METRO seasonal products calendar (L'Agenda des Chefs), Salsify (fruits & vegetables) is recommended in: February.",METRO France – L'Agenda des Chefs (calendrier des produits de saison)
METRO-SAISON-081,Fruits & légumes,Fruits & vegetables,Légume,Vegetable,Tomate ancienne,Heirloom tomato,,,,,,,1,août,August,été,summer,0,0,0,0,0,0,0,1,0,0,0,0,"Dans le calendrier des produits de saison METRO (L'Agenda des Chefs), le produit « Tomate ancienne » (fruits & légumes) est recommandé en : août.","In the METRO seasonal products calendar (L'Agenda des Chefs), Heirloom tomato (fruits & vegetables) is recommended in: August.",METRO France – L'Agenda des Chefs (calendrier des produits de saison)
METRO-SAISON-082,Fruits & légumes,Fruits & vegetables,Légume,Vegetable,Tomate ancienne (Green Zebra),Heirloom tomato (Green Zebra),,,,,,,1,juillet,July,été,summer,0,0,0,0,0,0,1,0,0,0,0,0,"Dans le calendrier des produits de saison METRO (L'Agenda des Chefs), le produit « Tomate ancienne (Green Zebra) » (fruits & légumes) est recommandé en : juillet.","In the METRO seasonal products calendar (L'Agenda des Chefs), Heirloom tomato (Green Zebra) (fruits & vegetables) is recommended in: July.",METRO France – L'Agenda des Chefs (calendrier des produits de saison)
METRO-SAISON-083,Fruits & légumes,Fruits & vegetables,Légume,Vegetable,Tomate belmandia,Belmandia tomato,,,,,,,1,juin,June,été,summer,0,0,0,0,0,1,0,0,0,0,0,0,"Dans le calendrier des produits de saison METRO (L'Agenda des Chefs), le produit « Tomate belmandia » (fruits & légumes) est recommandé en : juin.","In the METRO seasonal products calendar (L'Agenda des Chefs), Belmandia tomato (fruits & vegetables) is recommended in: June.",METRO France – L'Agenda des Chefs (calendrier des produits de saison)
METRO-SAISON-084,Fruits & légumes,Fruits & vegetables,Légume,Vegetable,Topinambour,Jerusalem artichoke,,,,,,,6,octobre à mars,October to March,"hiver, printemps, automne","winter, spring, autumn",1,1,1,0,0,0,0,0,0,1,1,1,"Dans le calendrier des produits de saison METRO (L'Agenda des Chefs), le produit « Topinambour » (fruits & légumes) est recommandé en : octobre à mars.","In the METRO seasonal products calendar (L'Agenda des Chefs), Jerusalem artichoke (fruits & vegetables) is recommended in: October to March.",METRO France – L'Agenda des Chefs (calendrier des produits de saison)
METRO-SAISON-085,Fruits & légumes,Fruits & vegetables,Champignon,Mushroom / truffle,Truffe blanche,White truffle,,,,,,,1,octobre,October,automne,autumn,0,0,0,0,0,0,0,0,0,1,0,0,"Dans le calendrier des produits de saison METRO (L'Agenda des Chefs), le produit « Truffe blanche » (fruits & légumes) est recommandé en : octobre.","In the METRO seasonal products calendar (L'Agenda des Chefs), White truffle (fruits & vegetables) is recommended in: October.",METRO France – L'Agenda des Chefs (calendrier des produits de saison)
METRO-SAISON-086,Fruits & légumes,Fruits & vegetables,Champignon,Mushroom / truffle,Truffe noire,Black truffle,,,,,,,3,décembre à février,December to February,hiver,winter,1,1,0,0,0,0,0,0,0,0,0,1,"Dans le calendrier des produits de saison METRO (L'Agenda des Chefs), le produit « Truffe noire » (fruits & légumes) est recommandé en : décembre à février.","In the METRO seasonal products calendar (L'Agenda des Chefs), Black truffle (fruits & vegetables) is recommended in: December to February.",METRO France – L'Agenda des Chefs (calendrier des produits de saison)
METRO-SAISON-087,Poissons,Fish & seafood,Poisson,Fish,Anchois,Anchovy,Engraulis encrasicolus,Atlantique Nord-Est,Northeast Atlantic,,,,3,août à octobre,August to October,"été, automne","summer, autumn",0,0,0,0,0,0,0,1,1,1,0,0,"Dans le calendrier des produits de saison METRO (L'Agenda des Chefs), le produit « Anchois » (poissons) est recommandé en : août à octobre.","In the METRO seasonal products calendar (L'Agenda des Chefs), Anchovy (fish & seafood) is recommended in: August to October.",METRO France – L'Agenda des Chefs (calendrier des produits de saison)
METRO-SAISON-088,Poissons,Fish & seafood,Poisson,Fish,Bar,European seabass,Dicentrarchus labrax,Atlantique Nord-Est,Northeast Atlantic,,,,2,novembre et décembre,November and December,"hiver, automne","winter, autumn",0,0,0,0,0,0,0,0,0,0,1,1,"Dans le calendrier des produits de saison METRO (L'Agenda des Chefs), le produit « Bar » (poissons) est recommandé en : novembre et décembre.","In the METRO seasonal products calendar (L'Agenda des Chefs), European seabass (fish & seafood) is recommended in: November and December.",METRO France – L'Agenda des Chefs (calendrier des produits de saison)
METRO-SAISON-089,Poissons,Fish & seafood,Poisson,Fish,Baudroie,Monkfish (anglerfish),Lophius piscatorius,Atlantique Nord-Est,Northeast Atlantic,,,,12,toute l'année,all year round,"hiver, printemps, été, automne","winter, spring, summer, autumn",1,1,1,1,1,1,1,1,1,1,1,1,"Dans le calendrier des produits de saison METRO (L'Agenda des Chefs), le produit « Baudroie » (poissons) est recommandé en : toute l'année.","In the METRO seasonal products calendar (L'Agenda des Chefs), Monkfish (anglerfish) (fish & seafood) is recommended in: all year round.",METRO France – L'Agenda des Chefs (calendrier des produits de saison)
METRO-SAISON-090,Poissons,Fish & seafood,Céphalopode,Cephalopod,Calmar,Squid,Loligo spp.,Atlantique Nord-Est,Northeast Atlantic,,,,8,août à mars,August to March,"hiver, printemps, été, automne","winter, spring, summer, autumn",1,1,1,0,0,0,0,1,1,1,1,1,"Dans le calendrier des produits de saison METRO (L'Agenda des Chefs), le produit « Calmar » (poissons) est recommandé en : août à mars.","In the METRO seasonal products calendar (L'Agenda des Chefs), Squid (fish & seafood) is recommended in: August to March.",METRO France – L'Agenda des Chefs (calendrier des produits de saison)
METRO-SAISON-091,Poissons,Fish & seafood,Poisson,Fish,Cardine,Megrim,Lepidorhombus whiffiagonis,Atlantique Nord-Est,Northeast Atlantic,,,,12,toute l'année,all year round,"hiver, printemps, été, automne","winter, spring, summer, autumn",1,1,1,1,1,1,1,1,1,1,1,1,"Dans le calendrier des produits de saison METRO (L'Agenda des Chefs), le produit « Cardine » (poissons) est recommandé en : toute l'année.","In the METRO seasonal products calendar (L'Agenda des Chefs), Megrim (fish & seafood) is recommended in: all year round.",METRO France – L'Agenda des Chefs (calendrier des produits de saison)
METRO-SAISON-092,Poissons,Fish & seafood,Poisson,Fish,Chinchard,Horse mackerel,Trachurus spp.,Méditerranée,Mediterranean Sea,,,,5,février à juin,February to June,"hiver, printemps, été","winter, spring, summer",0,1,1,1,1,1,0,0,0,0,0,0,"Dans le calendrier des produits de saison METRO (L'Agenda des Chefs), le produit « Chinchard » (poissons) est recommandé en : février à juin.","In the METRO seasonal products calendar (L'Agenda des Chefs), Horse mackerel (fish & seafood) is recommended in: February to June.",METRO France – L'Agenda des Chefs (calendrier des produits de saison)
METRO-SAISON-093,Poissons,Fish & seafood,Poisson,Fish,Congre,Conger eel,Conger conger,Atlantique Nord-Est,Northeast Atlantic,,,,7,octobre à avril,October to April,"hiver, printemps, automne","winter, spring, autumn",1,1,1,1,0,0,0,0,0,1,1,1,"Dans le calendrier des produits de saison METRO (L'Agenda des Chefs), le produit « Congre » (poissons) est recommandé en : octobre à avril.","In the METRO seasonal products calendar (L'Agenda des Chefs), Conger eel (fish & seafood) is recommended in: October to April.",METRO France – L'Agenda des Chefs (calendrier des produits de saison)
METRO-SAISON-094,Poissons,Fish & seafood,Poisson,Fish,Dorade grise,Black seabream,Spondyliosoma cantharus,Atlantique Nord-Est,Northeast Atlantic,,,,10,juin à mars,June to March,"hiver, printemps, été, automne","winter, spring, summer, autumn",1,1,1,0,0,1,1,1,1,1,1,1,"Dans le calendrier des produits de saison METRO (L'Agenda des Chefs), le produit « Dorade grise » (poissons) est recommandé en : juin à mars.","In the METRO seasonal products calendar (L'Agenda des Chefs), Black seabream (fish & seafood) is recommended in: June to March.",METRO France – L'Agenda des Chefs (calendrier des produits de saison)
METRO-SAISON-095,Poissons,Fish & seafood,Poisson,Fish,Grondin rouge,Red gurnard,Chelidonichthys cuculus,Atlantique Nord-Est,Northeast Atlantic,,,,7,septembre à mars,September to March,"hiver, printemps, automne","winter, spring, autumn",1,1,1,0,0,0,0,0,1,1,1,1,"Dans le calendrier des produits de saison METRO (L'Agenda des Chefs), le produit « Grondin rouge » (poissons) est recommandé en : septembre à mars.","In the METRO seasonal products calendar (L'Agenda des Chefs), Red gurnard (fish & seafood) is recommended in: September to March.",METRO France – L'Agenda des Chefs (calendrier des produits de saison)
METRO-SAISON-096,Poissons,Fish & seafood,Poisson,Fish,Hareng,Atlantic herring,Clupea harengus,Atlantique Nord-Est,Northeast Atlantic,,,,6,avril à septembre,April to September,"printemps, été, automne","spring, summer, autumn",0,0,0,1,1,1,1,1,1,0,0,0,"Dans le calendrier des produits de saison METRO (L'Agenda des Chefs), le produit « Hareng » (poissons) est recommandé en : avril à septembre.","In the METRO seasonal products calendar (L'Agenda des Chefs), Atlantic herring (fish & seafood) is recommended in: April to September.",METRO France – L'Agenda des Chefs (calendrier des produits de saison)
METRO-SAISON-097,Poissons,Fish & seafood,Crustacé,Crustacean,Langoustine,Langoustine (Norway lobster),Nephrops norvegicus,Atlantique Nord-Est,Northeast Atlantic,,,,6,mars à août,March to August,"printemps, été","spring, summer",0,0,1,1,1,1,1,1,0,0,0,0,"Dans le calendrier des produits de saison METRO (L'Agenda des Chefs), le produit « Langoustine » (poissons) est recommandé en : mars à août.","In the METRO seasonal products calendar (L'Agenda des Chefs), Langoustine (Norway lobster) (fish & seafood) is recommended in: March to August.",METRO France – L'Agenda des Chefs (calendrier des produits de saison)
METRO-SAISON-098,Poissons,Fish & seafood,Poisson,Fish,Lieu noir,Saithe (coley),Pollachius virens,Atlantique Nord-Est,Northeast Atlantic,,,,12,toute l'année,all year round,"hiver, printemps, été, automne","winter, spring, summer, autumn",1,1,1,1,1,1,1,1,1,1,1,1,"Dans le calendrier des produits de saison METRO (L'Agenda des Chefs), le produit « Lieu noir » (poissons) est recommandé en : toute l'année.","In the METRO seasonal products calendar (L'Agenda des Chefs), Saithe (coley) (fish & seafood) is recommended in: all year round.",METRO France – L'Agenda des Chefs (calendrier des produits de saison)
METRO-SAISON-099,Poissons,Fish & seafood,Poisson,Fish,Limande-sole,Lemon sole,Microstomus kitt,Atlantique Nord-Est,Northeast Atlantic,,,,2,septembre et octobre,September and October,automne,autumn,0,0,0,0,0,0,0,0,1,1,0,0,"Dans le calendrier des produits de saison METRO (L'Agenda des Chefs), le produit « Limande-sole » (poissons) est recommandé en : septembre et octobre.","In the METRO seasonal products calendar (L'Agenda des Chefs), Lemon sole (fish & seafood) is recommended in: September and October.",METRO France – L'Agenda des Chefs (calendrier des produits de saison)
METRO-SAISON-100,Poissons,Fish & seafood,Poisson,Fish,Merlan,Whiting,Merlangius merlangus,Atlantique Nord-Est,Northeast Atlantic,,,,12,toute l'année,all year round,"hiver, printemps, été, automne","winter, spring, summer, autumn",1,1,1,1,1,1,1,1,1,1,1,1,"Dans le calendrier des produits de saison METRO (L'Agenda des Chefs), le produit « Merlan » (poissons) est recommandé en : toute l'année.","In the METRO seasonal products calendar (L'Agenda des Chefs), Whiting (fish & seafood) is recommended in: all year round.",METRO France – L'Agenda des Chefs (calendrier des produits de saison)
METRO-SAISON-101,Poissons,Fish & seafood,Poisson,Fish,Merlu,European hake,Merluccius merluccius,Atlantique Nord-Est,Northeast Atlantic,,,,5,mars à juillet,March to July,"printemps, été","spring, summer",0,0,1,1,1,1,1,0,0,0,0,0,"Dans le calendrier des produits de saison METRO (L'Agenda des Chefs), le produit « Merlu » (poissons) est recommandé en : mars à juillet.","In the METRO seasonal products calendar (L'Agenda des Chefs), European hake (fish & seafood) is recommended in: March to July.",METRO France – L'Agenda des Chefs (calendrier des produits de saison)
METRO-SAISON-102,Poissons,Fish & seafood,Poisson,Fish,Plie/Carrelet,European plaice,Pleuronectes platessa,Atlantique Nord-Est,Northeast Atlantic,,,,12,toute l'année,all year round,"hiver, printemps, été, automne","winter, spring, summer, autumn",1,1,1,1,1,1,1,1,1,1,1,1,"Dans le calendrier des produits de saison METRO (L'Agenda des Chefs), le produit « Plie/Carrelet » (poissons) est recommandé en : toute l'année.","In the METRO seasonal products calendar (L'Agenda des Chefs), European plaice (fish & seafood) is recommended in: all year round.",METRO France – L'Agenda des Chefs (calendrier des produits de saison)
METRO-SAISON-103,Poissons,Fish & seafood,Poisson,Fish,Raie,Skate / ray,Rajidae,Atlantique Nord-Est,Northeast Atlantic,,,,12,toute l'année,all year round,"hiver, printemps, été, automne","winter, spring, summer, autumn",1,1,1,1,1,1,1,1,1,1,1,1,"Dans le calendrier des produits de saison METRO (L'Agenda des Chefs), le produit « Raie » (poissons) est recommandé en : toute l'année.","In the METRO seasonal products calendar (L'Agenda des Chefs), Skate / ray (fish & seafood) is recommended in: all year round.",METRO France – L'Agenda des Chefs (calendrier des produits de saison)
METRO-SAISON-104,Poissons,Fish & seafood,Poisson,Fish,Rouget-barbet,Red mullet,Mullus surmuletus,Atlantique Nord-Est,Northeast Atlantic,,,,4,septembre à décembre,September to December,"hiver, automne","winter, autumn",0,0,0,0,0,0,0,0,1,1,1,1,"Dans le calendrier des produits de saison METRO (L'Agenda des Chefs), le produit « Rouget-barbet » (poissons) est recommandé en : septembre à décembre.","In the METRO seasonal products calendar (L'Agenda des Chefs), Red mullet (fish & seafood) is recommended in: September to December.",METRO France – L'Agenda des Chefs (calendrier des produits de saison)
METRO-SAISON-105,Poissons,Fish & seafood,Poisson,Fish,Roussette,Small-spotted catshark (dogfish),Scyliorhinus canicula,Atlantique Nord-Est,Northeast Atlantic,,,,12,toute l'année,all year round,"hiver, printemps, été, automne","winter, spring, summer, autumn",1,1,1,1,1,1,1,1,1,1,1,1,"Dans le calendrier des produits de saison METRO (L'Agenda des Chefs), le produit « Roussette » (poissons) est recommandé en : toute l'année.","In the METRO seasonal products calendar (L'Agenda des Chefs), Small-spotted catshark (dogfish) (fish & seafood) is recommended in: all year round.",METRO France – L'Agenda des Chefs (calendrier des produits de saison)
METRO-SAISON-106,Poissons,Fish & seafood,Poisson,Fish,Saint-Pierre,John Dory,Zeus faber,Atlantique Nord-Est,Northeast Atlantic,,,,4,avril à juillet,April to July,"printemps, été","spring, summer",0,0,0,1,1,1,1,0,0,0,0,0,"Dans le calendrier des produits de saison METRO (L'Agenda des Chefs), le produit « Saint-Pierre » (poissons) est recommandé en : avril à juillet.","In the METRO seasonal products calendar (L'Agenda des Chefs), John Dory (fish & seafood) is recommended in: April to July.",METRO France – L'Agenda des Chefs (calendrier des produits de saison)
METRO-SAISON-107,Poissons,Fish & seafood,Poisson,Fish,Sardine,European pilchard (sardine),Sardina pilchardus,Atlantique Nord-Est,Northeast Atlantic,,,,6,mai à octobre,May to October,"printemps, été, automne","spring, summer, autumn",0,0,0,0,1,1,1,1,1,1,0,0,"Dans le calendrier des produits de saison METRO (L'Agenda des Chefs), le produit « Sardine » (poissons) est recommandé en : mai à octobre.","In the METRO seasonal products calendar (L'Agenda des Chefs), European pilchard (sardine) (fish & seafood) is recommended in: May to October.",METRO France – L'Agenda des Chefs (calendrier des produits de saison)
METRO-SAISON-108,Poissons,Fish & seafood,Poisson,Fish,Sole,Common sole (Dover sole),Solea solea,Atlantique Nord-Est,Northeast Atlantic,,,,3,septembre à novembre,September to November,automne,autumn,0,0,0,0,0,0,0,0,1,1,1,0,"Dans le calendrier des produits de saison METRO (L'Agenda des Chefs), le produit « Sole » (poissons) est recommandé en : septembre à novembre.","In the METRO seasonal products calendar (L'Agenda des Chefs), Common sole (Dover sole) (fish & seafood) is recommended in: September to November.",METRO France – L'Agenda des Chefs (calendrier des produits de saison)
METRO-SAISON-109,Poissons,Fish & seafood,Poisson,Fish,Tacaud,Pouting (bib),Trisopterus luscus,Atlantique Nord-Est,Northeast Atlantic,,,,7,mai à novembre,May to November,"printemps, été, automne","spring, summer, autumn",0,0,0,0,1,1,1,1,1,1,1,0,"Dans le calendrier des produits de saison METRO (L'Agenda des Chefs), le produit « Tacaud » (poissons) est recommandé en : mai à novembre.","In the METRO seasonal products calendar (L'Agenda des Chefs), Pouting (bib) (fish & seafood) is recommended in: May to November.",METRO France – L'Agenda des Chefs (calendrier des produits de saison)
METRO-SAISON-110,Poissons,Fish & seafood,Poisson,Fish,Thon blanc,Albacore tuna (longfin),Thunnus alalunga,Atlantique Nord-Est,Northeast Atlantic,,,,5,mai à septembre,May to September,"printemps, été, automne","spring, summer, autumn",0,0,0,0,1,1,1,1,1,0,0,0,"Dans le calendrier des produits de saison METRO (L'Agenda des Chefs), le produit « Thon blanc » (poissons) est recommandé en : mai à septembre.","In the METRO seasonal products calendar (L'Agenda des Chefs), Albacore tuna (longfin) (fish & seafood) is recommended in: May to September.",METRO France – L'Agenda des Chefs (calendrier des produits de saison)
METRO-SAISON-111,Poissons,Fish & seafood,Poisson,Fish,Thon rouge,Atlantic bluefin tuna,Thunnus thynnus,Atlantique Nord-Est,Northeast Atlantic,,,,5,août à décembre,August to December,"hiver, été, automne","winter, summer, autumn",0,0,0,0,0,0,0,1,1,1,1,1,"Dans le calendrier des produits de saison METRO (L'Agenda des Chefs), le produit « Thon rouge » (poissons) est recommandé en : août à décembre.","In the METRO seasonal products calendar (L'Agenda des Chefs), Atlantic bluefin tuna (fish & seafood) is recommended in: August to December.",METRO France – L'Agenda des Chefs (calendrier des produits de saison)
METRO-SAISON-112,Poissons,Fish & seafood,Poisson,Fish,Églefin,Haddock,Melanogrammus aeglefinus,Atlantique Nord-Est,Northeast Atlantic,,,,12,toute l'année,all year round,"hiver, printemps, été, automne","winter, spring, summer, autumn",1,1,1,1,1,1,1,1,1,1,1,1,"Dans le calendrier des produits de saison METRO (L'Agenda des Chefs), le produit « Églefin » (poissons) est recommandé en : toute l'année.","In the METRO seasonal products calendar (L'Agenda des Chefs), Haddock (fish & seafood) is recommended in: all year round.",METRO France – L'Agenda des Chefs (calendrier des produits de saison)
METRO-SAISON-113,Fromages,Cheese,Fromage,Cheese,Abondance,Abondance,,,,Vache,Cow,France,1,novembre,November,automne,autumn,0,0,0,0,0,0,0,0,0,0,1,0,"Dans le calendrier des produits de saison METRO (L'Agenda des Chefs), le produit « Abondance » (fromages) est recommandé en : novembre.","In the METRO seasonal products calendar (L'Agenda des Chefs), Abondance (cheese) is recommended in: November.",METRO France – L'Agenda des Chefs (calendrier des produits de saison)
METRO-SAISON-114,Fromages,Cheese,Fromage,Cheese,Beaufort,Beaufort,,,,Vache,Cow,France,4,"février, mars, novembre et décembre","February, March, November and December","hiver, printemps, automne","winter, spring, autumn",0,1,1,0,0,0,0,0,0,0,1,1,"Dans le calendrier des produits de saison METRO (L'Agenda des Chefs), le produit « Beaufort » (fromages) est recommandé en : février, mars, novembre et décembre.","In the METRO seasonal products calendar (L'Agenda des Chefs), Beaufort (cheese) is recommended in: February, March, November and December.",METRO France – L'Agenda des Chefs (calendrier des produits de saison)
METRO-SAISON-115,Fromages,Cheese,Fromage,Cheese,Bleu d'Auvergne,Bleu d'Auvergne,,,,Vache,Cow,France,7,avril à octobre,April to October,"printemps, été, automne","spring, summer, autumn",0,0,0,1,1,1,1,1,1,1,0,0,"Dans le calendrier des produits de saison METRO (L'Agenda des Chefs), le produit « Bleu d'Auvergne » (fromages) est recommandé en : avril à octobre.","In the METRO seasonal products calendar (L'Agenda des Chefs), Bleu d'Auvergne (cheese) is recommended in: April to October.",METRO France – L'Agenda des Chefs (calendrier des produits de saison)
METRO-SAISON-116,Fromages,Cheese,Fromage,Cheese,Bleu de Gex,Bleu de Gex,,,,Vache,Cow,France,1,janvier,January,hiver,winter,1,0,0,0,0,0,0,0,0,0,0,0,"Dans le calendrier des produits de saison METRO (L'Agenda des Chefs), le produit « Bleu de Gex » (fromages) est recommandé en : janvier.","In the METRO seasonal products calendar (L'Agenda des Chefs), Bleu de Gex (cheese) is recommended in: January.",METRO France – L'Agenda des Chefs (calendrier des produits de saison)
METRO-SAISON-117,Fromages,Cheese,Fromage,Cheese,Brie de Meaux,Brie de Meaux,,,,Vache,Cow,France,5,"décembre à février, juin et octobre","December to February, June and October","hiver, été, automne","winter, summer, autumn",1,1,0,0,0,1,0,0,0,1,0,1,"Dans le calendrier des produits de saison METRO (L'Agenda des Chefs), le produit « Brie de Meaux » (fromages) est recommandé en : décembre à février, juin et octobre.","In the METRO seasonal products calendar (L'Agenda des Chefs), Brie de Meaux (cheese) is recommended in: December to February, June and October.",METRO France – L'Agenda des Chefs (calendrier des produits de saison)
METRO-SAISON-118,Fromages,Cheese,Fromage,Cheese,Brillat-Savarin,Brillat-Savarin,,,,Vache,Cow,France,2,décembre et janvier,December and January,hiver,winter,1,0,0,0,0,0,0,0,0,0,0,1,"Dans le calendrier des produits de saison METRO (L'Agenda des Chefs), le produit « Brillat-Savarin » (fromages) est recommandé en : décembre et janvier.","In the METRO seasonal products calendar (L'Agenda des Chefs), Brillat-Savarin (cheese) is recommended in: December and January.",METRO France – L'Agenda des Chefs (calendrier des produits de saison)
METRO-SAISON-119,Fromages,Cheese,Fromage,Cheese,Brocciu,Brocciu,,,,Brebis / chèvre,Sheep / goat,France,1,février,February,hiver,winter,0,1,0,0,0,0,0,0,0,0,0,0,"Dans le calendrier des produits de saison METRO (L'Agenda des Chefs), le produit « Brocciu » (fromages) est recommandé en : février.","In the METRO seasonal products calendar (L'Agenda des Chefs), Brocciu (cheese) is recommended in: February.",METRO France – L'Agenda des Chefs (calendrier des produits de saison)
METRO-SAISON-120,Fromages,Cheese,Fromage,Cheese,Cabécou,Cabécou,,,,Chèvre,Goat,France,3,mars à mai,March to May,printemps,spring,0,0,1,1,1,0,0,0,0,0,0,0,"Dans le calendrier des produits de saison METRO (L'Agenda des Chefs), le produit « Cabécou » (fromages) est recommandé en : mars à mai.","In the METRO seasonal products calendar (L'Agenda des Chefs), Cabécou (cheese) is recommended in: March to May.",METRO France – L'Agenda des Chefs (calendrier des produits de saison)
METRO-SAISON-121,Fromages,Cheese,Fromage,Cheese,Cantal,Cantal,,,,Vache,Cow,France,1,septembre,September,automne,autumn,0,0,0,0,0,0,0,0,1,0,0,0,"Dans le calendrier des produits de saison METRO (L'Agenda des Chefs), le produit « Cantal » (fromages) est recommandé en : septembre.","In the METRO seasonal products calendar (L'Agenda des Chefs), Cantal (cheese) is recommended in: September.",METRO France – L'Agenda des Chefs (calendrier des produits de saison)
METRO-SAISON-122,Fromages,Cheese,Fromage,Cheese,Cantal entre-deux,Cantal entre-deux,,,,Vache,Cow,France,2,juin et août,June and August,été,summer,0,0,0,0,0,1,0,1,0,0,0,0,"Dans le calendrier des produits de saison METRO (L'Agenda des Chefs), le produit « Cantal entre-deux » (fromages) est recommandé en : juin et août.","In the METRO seasonal products calendar (L'Agenda des Chefs), Cantal entre-deux (cheese) is recommended in: June and August.",METRO France – L'Agenda des Chefs (calendrier des produits de saison)
METRO-SAISON-123,Fromages,Cheese,Fromage,Cheese,Chabichou du Poitou,Chabichou du Poitou,,,,Chèvre,Goat,France,2,avril et mai,April and May,printemps,spring,0,0,0,1,1,0,0,0,0,0,0,0,"Dans le calendrier des produits de saison METRO (L'Agenda des Chefs), le produit « Chabichou du Poitou » (fromages) est recommandé en : avril et mai.","In the METRO seasonal products calendar (L'Agenda des Chefs), Chabichou du Poitou (cheese) is recommended in: April and May.",METRO France – L'Agenda des Chefs (calendrier des produits de saison)
METRO-SAISON-124,Fromages,Cheese,Fromage,Cheese,Chaource,Chaource,,,,Vache,Cow,France,1,juillet,July,été,summer,0,0,0,0,0,0,1,0,0,0,0,0,"Dans le calendrier des produits de saison METRO (L'Agenda des Chefs), le produit « Chaource » (fromages) est recommandé en : juillet.","In the METRO seasonal products calendar (L'Agenda des Chefs), Chaource (cheese) is recommended in: July.",METRO France – L'Agenda des Chefs (calendrier des produits de saison)
METRO-SAISON-125,Fromages,Cheese,Fromage,Cheese,Comté,Comté,,,,Vache,Cow,France,4,"février, avril, mai et juillet","February, April, May and July","hiver, printemps, été","winter, spring, summer",0,1,0,1,1,0,1,0,0,0,0,0,"Dans le calendrier des produits de saison METRO (L'Agenda des Chefs), le produit « Comté » (fromages) est recommandé en : février, avril, mai et juillet.","In the METRO seasonal products calendar (L'Agenda des Chefs), Comté (cheese) is recommended in: February, April, May and July.",METRO France – L'Agenda des Chefs (calendrier des produits de saison)
METRO-SAISON-126,Fromages,Cheese,Fromage,Cheese,Comté jeune,Comté jeune,,,,Vache,Cow,France,2,juin et août,June and August,été,summer,0,0,0,0,0,1,0,1,0,0,0,0,"Dans le calendrier des produits de saison METRO (L'Agenda des Chefs), le produit « Comté jeune » (fromages) est recommandé en : juin et août.","In the METRO seasonal products calendar (L'Agenda des Chefs), Comté jeune (cheese) is recommended in: June and August.",METRO France – L'Agenda des Chefs (calendrier des produits de saison)
METRO-SAISON-127,Fromages,Cheese,Fromage,Cheese,Comté vieux,Comté vieux,,,,Vache,Cow,France,6,septembre à janvier et mars,September to January and March,"hiver, printemps, automne","winter, spring, autumn",1,0,1,0,0,0,0,0,1,1,1,1,"Dans le calendrier des produits de saison METRO (L'Agenda des Chefs), le produit « Comté vieux » (fromages) est recommandé en : septembre à janvier et mars.","In the METRO seasonal products calendar (L'Agenda des Chefs), Comté vieux (cheese) is recommended in: September to January and March.",METRO France – L'Agenda des Chefs (calendrier des produits de saison)
METRO-SAISON-128,Fromages,Cheese,Fromage,Cheese,Crottin de Chavignol,Crottin de Chavignol,,,,Chèvre,Goat,France,5,janvier et juin à septembre,January and June to September,"hiver, été, automne","winter, summer, autumn",1,0,0,0,0,1,1,1,1,0,0,0,"Dans le calendrier des produits de saison METRO (L'Agenda des Chefs), le produit « Crottin de Chavignol » (fromages) est recommandé en : janvier et juin à septembre.","In the METRO seasonal products calendar (L'Agenda des Chefs), Crottin de Chavignol (cheese) is recommended in: January and June to September.",METRO France – L'Agenda des Chefs (calendrier des produits de saison)
METRO-SAISON-129,Fromages,Cheese,Fromage,Cheese,Emmental,Emmental,,,,Vache,Cow,,1,mai,May,printemps,spring,0,0,0,0,1,0,0,0,0,0,0,0,"Dans le calendrier des produits de saison METRO (L'Agenda des Chefs), le produit « Emmental » (fromages) est recommandé en : mai.","In the METRO seasonal products calendar (L'Agenda des Chefs), Emmental (cheese) is recommended in: May.",METRO France – L'Agenda des Chefs (calendrier des produits de saison)
METRO-SAISON-130,Fromages,Cheese,Fromage,Cheese,Fondue suisse,Fondue suisse,,,,,,Suisse,1,janvier,January,hiver,winter,1,0,0,0,0,0,0,0,0,0,0,0,"Dans le calendrier des produits de saison METRO (L'Agenda des Chefs), le produit « Fondue suisse » (fromages) est recommandé en : janvier.","In the METRO seasonal products calendar (L'Agenda des Chefs), Fondue suisse (cheese) is recommended in: January.",METRO France – L'Agenda des Chefs (calendrier des produits de saison)
METRO-SAISON-131,Fromages,Cheese,Fromage,Cheese,Fourme d'Ambert,Fourme d'Ambert,,,,Vache,Cow,France,3,"janvier, septembre et octobre","January, September and October","hiver, automne","winter, autumn",1,0,0,0,0,0,0,0,1,1,0,0,"Dans le calendrier des produits de saison METRO (L'Agenda des Chefs), le produit « Fourme d'Ambert » (fromages) est recommandé en : janvier, septembre et octobre.","In the METRO seasonal products calendar (L'Agenda des Chefs), Fourme d'Ambert (cheese) is recommended in: January, September and October.",METRO France – L'Agenda des Chefs (calendrier des produits de saison)
METRO-SAISON-132,Fromages,Cheese,Fromage,Cheese,Gruyère suisse,Gruyère suisse,,,,Vache,Cow,Suisse,1,février,February,hiver,winter,0,1,0,0,0,0,0,0,0,0,0,0,"Dans le calendrier des produits de saison METRO (L'Agenda des Chefs), le produit « Gruyère suisse » (fromages) est recommandé en : février.","In the METRO seasonal products calendar (L'Agenda des Chefs), Gruyère suisse (cheese) is recommended in: February.",METRO France – L'Agenda des Chefs (calendrier des produits de saison)
METRO-SAISON-133,Fromages,Cheese,Fromage,Cheese,Laguiole,Laguiole,,,,Vache,Cow,France,10,février à juillet et septembre à décembre,February to July and September to December,"hiver, printemps, été, automne","winter, spring, summer, autumn",0,1,1,1,1,1,1,0,1,1,1,1,"Dans le calendrier des produits de saison METRO (L'Agenda des Chefs), le produit « Laguiole » (fromages) est recommandé en : février à juillet et septembre à décembre.","In the METRO seasonal products calendar (L'Agenda des Chefs), Laguiole (cheese) is recommended in: February to July and September to December.",METRO France – L'Agenda des Chefs (calendrier des produits de saison)
METRO-SAISON-134,Fromages,Cheese,Fromage,Cheese,Livarot,Livarot,,,,Vache,Cow,France,1,novembre,November,automne,autumn,0,0,0,0,0,0,0,0,0,0,1,0,"Dans le calendrier des produits de saison METRO (L'Agenda des Chefs), le produit « Livarot » (fromages) est recommandé en : novembre.","In the METRO seasonal products calendar (L'Agenda des Chefs), Livarot (cheese) is recommended in: November.",METRO France – L'Agenda des Chefs (calendrier des produits de saison)
METRO-SAISON-135,Fromages,Cheese,Fromage,Cheese,Maroilles,Maroilles,,,,Vache,Cow,France,1,juin,June,été,summer,0,0,0,0,0,1,0,0,0,0,0,0,"Dans le calendrier des produits de saison METRO (L'Agenda des Chefs), le produit « Maroilles » (fromages) est recommandé en : juin.","In the METRO seasonal products calendar (L'Agenda des Chefs), Maroilles (cheese) is recommended in: June.",METRO France – L'Agenda des Chefs (calendrier des produits de saison)
METRO-SAISON-136,Fromages,Cheese,Fromage,Cheese,Mont d'Or,Mont d'Or,,,,Vache,Cow,France,3,novembre à janvier,November to January,"hiver, automne","winter, autumn",1,0,0,0,0,0,0,0,0,0,1,1,"Dans le calendrier des produits de saison METRO (L'Agenda des Chefs), le produit « Mont d'Or » (fromages) est recommandé en : novembre à janvier.","In the METRO seasonal products calendar (L'Agenda des Chefs), Mont d'Or (cheese) is recommended in: November to January.",METRO France – L'Agenda des Chefs (calendrier des produits de saison)
METRO-SAISON-137,Fromages,Cheese,Fromage,Cheese,Morbier,Morbier,,,,Vache,Cow,France,1,janvier,January,hiver,winter,1,0,0,0,0,0,0,0,0,0,0,0,"Dans le calendrier des produits de saison METRO (L'Agenda des Chefs), le produit « Morbier » (fromages) est recommandé en : janvier.","In the METRO seasonal products calendar (L'Agenda des Chefs), Morbier (cheese) is recommended in: January.",METRO France – L'Agenda des Chefs (calendrier des produits de saison)
METRO-SAISON-138,Fromages,Cheese,Fromage,Cheese,Munster,Munster,,,,Vache,Cow,France,1,décembre,December,hiver,winter,0,0,0,0,0,0,0,0,0,0,0,1,"Dans le calendrier des produits de saison METRO (L'Agenda des Chefs), le produit « Munster » (fromages) est recommandé en : décembre.","In the METRO seasonal products calendar (L'Agenda des Chefs), Munster (cheese) is recommended in: December.",METRO France – L'Agenda des Chefs (calendrier des produits de saison)
METRO-SAISON-139,Fromages,Cheese,Fromage,Cheese,Ossau-Iraty,Ossau-Iraty,,,,Brebis,Sheep,France,6,février et août à décembre,February and August to December,"hiver, été, automne","winter, summer, autumn",0,1,0,0,0,0,0,1,1,1,1,1,"Dans le calendrier des produits de saison METRO (L'Agenda des Chefs), le produit « Ossau-Iraty » (fromages) est recommandé en : février et août à décembre.","In the METRO seasonal products calendar (L'Agenda des Chefs), Ossau-Iraty (cheese) is recommended in: February and August to December.",METRO France – L'Agenda des Chefs (calendrier des produits de saison)
METRO-SAISON-140,Fromages,Cheese,Fromage,Cheese,Ossau-Iraty jeune,Ossau-Iraty jeune,,,,Brebis,Sheep,France,1,juillet,July,été,summer,0,0,0,0,0,0,1,0,0,0,0,0,"Dans le calendrier des produits de saison METRO (L'Agenda des Chefs), le produit « Ossau-Iraty jeune » (fromages) est recommandé en : juillet.","In the METRO seasonal products calendar (L'Agenda des Chefs), Ossau-Iraty jeune (cheese) is recommended in: July.",METRO France – L'Agenda des Chefs (calendrier des produits de saison)
METRO-SAISON-141,Fromages,Cheese,Fromage,Cheese,Pouligny-Saint-Pierre,Pouligny-Saint-Pierre,,,,Chèvre,Goat,France,1,août,August,été,summer,0,0,0,0,0,0,0,1,0,0,0,0,"Dans le calendrier des produits de saison METRO (L'Agenda des Chefs), le produit « Pouligny-Saint-Pierre » (fromages) est recommandé en : août.","In the METRO seasonal products calendar (L'Agenda des Chefs), Pouligny-Saint-Pierre (cheese) is recommended in: August.",METRO France – L'Agenda des Chefs (calendrier des produits de saison)
METRO-SAISON-142,Fromages,Cheese,Fromage,Cheese,Raclette,Raclette,,,,Vache,Cow,,1,décembre,December,hiver,winter,0,0,0,0,0,0,0,0,0,0,0,1,"Dans le calendrier des produits de saison METRO (L'Agenda des Chefs), le produit « Raclette » (fromages) est recommandé en : décembre.","In the METRO seasonal products calendar (L'Agenda des Chefs), Raclette (cheese) is recommended in: December.",METRO France – L'Agenda des Chefs (calendrier des produits de saison)
METRO-SAISON-143,Fromages,Cheese,Fromage,Cheese,Reblochon,Reblochon,,,,Vache,Cow,France,2,janvier et février,January and February,hiver,winter,1,1,0,0,0,0,0,0,0,0,0,0,"Dans le calendrier des produits de saison METRO (L'Agenda des Chefs), le produit « Reblochon » (fromages) est recommandé en : janvier et février.","In the METRO seasonal products calendar (L'Agenda des Chefs), Reblochon (cheese) is recommended in: January and February.",METRO France – L'Agenda des Chefs (calendrier des produits de saison)
METRO-SAISON-144,Fromages,Cheese,Fromage,Cheese,Rocamadour,Rocamadour,,,,Chèvre,Goat,France,4,juin et août à octobre,June and August to October,"été, automne","summer, autumn",0,0,0,0,0,1,0,1,1,1,0,0,"Dans le calendrier des produits de saison METRO (L'Agenda des Chefs), le produit « Rocamadour » (fromages) est recommandé en : juin et août à octobre.","In the METRO seasonal products calendar (L'Agenda des Chefs), Rocamadour (cheese) is recommended in: June and August to October.",METRO France – L'Agenda des Chefs (calendrier des produits de saison)
METRO-SAISON-145,Fromages,Cheese,Fromage,Cheese,Roquefort,Roquefort,,,,Brebis,Sheep,France,1,mars,March,printemps,spring,0,0,1,0,0,0,0,0,0,0,0,0,"Dans le calendrier des produits de saison METRO (L'Agenda des Chefs), le produit « Roquefort » (fromages) est recommandé en : mars.","In the METRO seasonal products calendar (L'Agenda des Chefs), Roquefort (cheese) is recommended in: March.",METRO France – L'Agenda des Chefs (calendrier des produits de saison)
METRO-SAISON-146,Fromages,Cheese,Fromage,Cheese,Saint-Félicien,Saint-Félicien,,,,Vache,Cow,France,1,juillet,July,été,summer,0,0,0,0,0,0,1,0,0,0,0,0,"Dans le calendrier des produits de saison METRO (L'Agenda des Chefs), le produit « Saint-Félicien » (fromages) est recommandé en : juillet.","In the METRO seasonal products calendar (L'Agenda des Chefs), Saint-Félicien (cheese) is recommended in: July.",METRO France – L'Agenda des Chefs (calendrier des produits de saison)
METRO-SAISON-147,Fromages,Cheese,Fromage,Cheese,Saint-Marcellin,Saint-Marcellin,,,,Vache,Cow,France,7,"mars à mai, juillet à septembre et novembre","March to May, July to September and November","printemps, été, automne","spring, summer, autumn",0,0,1,1,1,0,1,1,1,0,1,0,"Dans le calendrier des produits de saison METRO (L'Agenda des Chefs), le produit « Saint-Marcellin » (fromages) est recommandé en : mars à mai, juillet à septembre et novembre.","In the METRO seasonal products calendar (L'Agenda des Chefs), Saint-Marcellin (cheese) is recommended in: March to May, July to September and November.",METRO France – L'Agenda des Chefs (calendrier des produits de saison)
METRO-SAISON-148,Fromages,Cheese,Fromage,Cheese,Saint-Nectaire fermier,Saint-Nectaire fermier,,,,Vache,Cow,France,1,décembre,December,hiver,winter,0,0,0,0,0,0,0,0,0,0,0,1,"Dans le calendrier des produits de saison METRO (L'Agenda des Chefs), le produit « Saint-Nectaire fermier » (fromages) est recommandé en : décembre.","In the METRO seasonal products calendar (L'Agenda des Chefs), Saint-Nectaire fermier (cheese) is recommended in: December.",METRO France – L'Agenda des Chefs (calendrier des produits de saison)
METRO-SAISON-149,Fromages,Cheese,Fromage,Cheese,Saint-Nectaire laitier,Saint-Nectaire laitier,,,,Vache,Cow,France,1,avril,April,printemps,spring,0,0,0,1,0,0,0,0,0,0,0,0,"Dans le calendrier des produits de saison METRO (L'Agenda des Chefs), le produit « Saint-Nectaire laitier » (fromages) est recommandé en : avril.","In the METRO seasonal products calendar (L'Agenda des Chefs), Saint-Nectaire laitier (cheese) is recommended in: April.",METRO France – L'Agenda des Chefs (calendrier des produits de saison)
METRO-SAISON-150,Fromages,Cheese,Fromage,Cheese,Sainte-Maure de Touraine,Sainte-Maure de Touraine,,,,Chèvre,Goat,France,4,avril à juin et septembre,April to June and September,"printemps, été, automne","spring, summer, autumn",0,0,0,1,1,1,0,0,1,0,0,0,"Dans le calendrier des produits de saison METRO (L'Agenda des Chefs), le produit « Sainte-Maure de Touraine » (fromages) est recommandé en : avril à juin et septembre.","In the METRO seasonal products calendar (L'Agenda des Chefs), Sainte-Maure de Touraine (cheese) is recommended in: April to June and September.",METRO France – L'Agenda des Chefs (calendrier des produits de saison)
METRO-SAISON-151,Fromages,Cheese,Fromage,Cheese,Salers,Salers,,,,Vache,Cow,France,6,"mars, juin à août, octobre et novembre","March, June to August, October and November","printemps, été, automne","spring, summer, autumn",0,0,1,0,0,1,1,1,0,1,1,0,"Dans le calendrier des produits de saison METRO (L'Agenda des Chefs), le produit « Salers » (fromages) est recommandé en : mars, juin à août, octobre et novembre.","In the METRO seasonal products calendar (L'Agenda des Chefs), Salers (cheese) is recommended in: March, June to August, October and November.",METRO France – L'Agenda des Chefs (calendrier des produits de saison)
METRO-SAISON-152,Fromages,Cheese,Fromage,Cheese,Selles-sur-Cher,Selles-sur-Cher,,,,Chèvre,Goat,France,2,avril et mai,April and May,printemps,spring,0,0,0,1,1,0,0,0,0,0,0,0,"Dans le calendrier des produits de saison METRO (L'Agenda des Chefs), le produit « Selles-sur-Cher » (fromages) est recommandé en : avril et mai.","In the METRO seasonal products calendar (L'Agenda des Chefs), Selles-sur-Cher (cheese) is recommended in: April and May.",METRO France – L'Agenda des Chefs (calendrier des produits de saison)
METRO-SAISON-153,Fromages,Cheese,Fromage,Cheese,Tomme de brebis,Tomme de brebis,,,,Brebis,Sheep,,1,octobre,October,automne,autumn,0,0,0,0,0,0,0,0,0,1,0,0,"Dans le calendrier des produits de saison METRO (L'Agenda des Chefs), le produit « Tomme de brebis » (fromages) est recommandé en : octobre.","In the METRO seasonal products calendar (L'Agenda des Chefs), Tomme de brebis (cheese) is recommended in: October.",METRO France – L'Agenda des Chefs (calendrier des produits de saison)
METRO-SAISON-154,Fromages,Cheese,Fromage,Cheese,Tomme de Savoie,Tomme de Savoie,,,,Vache,Cow,France,2,février et mars,February and March,"hiver, printemps","winter, spring",0,1,1,0,0,0,0,0,0,0,0,0,"Dans le calendrier des produits de saison METRO (L'Agenda des Chefs), le produit « Tomme de Savoie » (fromages) est recommandé en : février et mars.","In the METRO seasonal products calendar (L'Agenda des Chefs), Tomme de Savoie (cheese) is recommended in: February and March.",METRO France – L'Agenda des Chefs (calendrier des produits de saison)
METRO-SAISON-155,Fromages,Cheese,Fromage,Cheese,Tête de Moine,Tête de Moine,,,,Vache,Cow,Suisse,1,avril,April,printemps,spring,0,0,0,1,0,0,0,0,0,0,0,0,"Dans le calendrier des produits de saison METRO (L'Agenda des Chefs), le produit « Tête de Moine » (fromages) est recommandé en : avril.","In the METRO seasonal products calendar (L'Agenda des Chefs), Tête de Moine (cheese) is recommended in: April.",METRO France – L'Agenda des Chefs (calendrier des produits de saison)
METRO-SAISON-156,Fromages,Cheese,Fromage,Cheese,Vacherin fribourgeois,Vacherin fribourgeois,,,,Vache,Cow,Suisse,2,janvier et février,January and February,hiver,winter,1,1,0,0,0,0,0,0,0,0,0,0,"Dans le calendrier des produits de saison METRO (L'Agenda des Chefs), le produit « Vacherin fribourgeois » (fromages) est recommandé en : janvier et février.","In the METRO seasonal products calendar (L'Agenda des Chefs), Vacherin fribourgeois (cheese) is recommended in: January and February.",METRO France – L'Agenda des Chefs (calendrier des produits de saison)
METRO-SAISON-157,Fromages,Cheese,Fromage,Cheese,Valençay,Valençay,,,,Chèvre,Goat,France,10,mars à décembre,March to December,"hiver, printemps, été, automne","winter, spring, summer, autumn",0,0,1,1,1,1,1,1,1,1,1,1,"Dans le calendrier des produits de saison METRO (L'Agenda des Chefs), le produit « Valençay » (fromages) est recommandé en : mars à décembre.","In the METRO seasonal products calendar (L'Agenda des Chefs), Valençay (cheese) is recommended in: March to December.",METRO France – L'Agenda des Chefs (calendrier des produits de saison)
